0,1
the,1642
and,872
to,729
it,652
she,553
of,514
said,462
you,411
alice,398
in,369
wa,357
that,315
a,263
her,248
at,212
on,193
all,182
with,180
had,178
but,170
for,153
they,152
so,151
be,148
not,145
very,144
what,141
this,134
little,128
he,125
out,117
is,108
one,105
down,102
up,100
there,99
if,96
his,96
then,94
about,94
no,90
know,90
them,88
like,86
were,85
would,83
went,83
again,83
herself,83
do,81
have,80
thing,80
when,79
or,77
could,77
time,77
queen,76
thought,76
off,73
me,68
how,68
see,67
into,67
can,64
king,64
did,63
who,63
well,63
your,62
don,61
turtle,61
head,60
now,60
by,59
my,58
began,58
hatter,57
way,57
an,57
go,57
ll,57
mock,56
gryphon,55
quite,55
say,55
are,54
think,53
just,52
rabbit,52
their,52
some,51
here,51
much,51
voice,51
first,51
cat,50
only,50
more,49
which,49
never,48
mouse,48
come,48
get,46
got,45
oh,45
looked,45
must,44
ve,44
after,43
him,43
tone,42
duchess,42
round,41
such,41
over,40
came,40
two,40
back,40
dormouse,40
why,40
other,40
any,39
great,39
before,38
re,38
been,38
make,38
eye,36
from,36
tell,34
nothing,34
march,34
we,34
once,34
hand,33
large,33
will,33
day,33
last,33
right,32
dear,32
minute,32
looking,32
door,32
found,32
long,32
moment,31
hare,31
put,31
word,31
heard,30
white,30
next,30
made,30
replied,29
foot,29
look,29
caterpillar,28
three,28
might,28
going,27
good,27
poor,27
seemed,27
should,27
too,26
upon,26
without,26
while,26
won,26
course,26
shall,25
away,25
yet,25
rather,25
soon,25
took,24
than,24
take,24
sure,24
same,24
felt,23
half,23
added,23
sort,23
another,22
jury,22
find,22
let,22
getting,22
ever,21
side,21
child,21
till,21
arm,21
question,21
wish,21
however,20
anything,20
face,20
cried,20
even,19
old,19
curious,19
being,19
tea,19
tried,19
house,19
please,19
soup,18
wonder,18
enough,18
table,18
court,18
use,18
something,18
eat,18
spoke,17
end,17
asked,17
sat,17
begin,17
talking,17
bill,17
perhaps,17
pig,17
under,16
ran,16
life,16
air,16
change,16
indeed,16
hastily,16
turned,16
bit,16
doesn,16
garden,16
high,16
am,16
mean,15
tree,15
seen,15
saying,15
speak,15
near,15
gave,15
mad,15
where,15
low,15
footman,15
idea,15
done,15
because,15
called,15
turn,14
better,14
size,14
mouth,14
anxiously,14
left,14
everything,14
hear,14
certainly,14
talk,14
saw,14
knew,14
set,14
these,14
lobster,14
trying,14
u,14
creature,14
suppose,14
through,14
beginning,14
sea,14
both,14
ought,14
itself,14
game,14
silence,14
baby,14
remember,14
dinah,14
didn,14
room,13
dodo,13
kept,13
yes,13
people,13
dance,13
cook,13
may,13
grow,13
still,13
behind,13
gone,13
far,13
suddenly,13
beautiful,13
wouldn,13
always,13
really,13
close,13
whole,13
remark,13
used,13
lesson,13
book,13
every,12
serpent,12
give,12
slate,12
turning,12
queer,12
best,12
chapter,12
deal,12
name,12
many,12
among,12
hardly,12
tail,12
pigeon,12
majesty,12
else,12
try,12
bird,12
afraid,12
finished,12
want,11
wasn,11
matter,11
mind,11
ear,11
trial,11
growing,11
hurried,11
waited,11
nearly,11
thinking,11
read,11
pool,11
soldier,11
hurry,11
glad,11
tear,11
ask,11
sister,11
glove,11
though,11
keep,11
conversation,11
whether,11
glass,10
hold,10
answer,10
hedgehog,10
mine,10
explain,10
remarked,10
box,10
heart,10
opened,10
place,10
those,10
bottle,10
rest,10
fan,10
small,10
offended,10
reason,10
sight,10
either,10
walked,10
having,10
yourself,10
witness,10
sitting,10
party,10
own,10
repeated,10
angrily,9
moral,9
call,9
join,9
croquet,9
top,9
feeling,9
doe,9
butter,9
together,9
leave,9
shook,9
hall,9
shouted,9
couldn,9
different,9
knave,9
puzzled,9
rate,9
coming,9
help,9
fish,9
least,9
believe,9
timidly,9
work,9
continued,9
waiting,9
few,9
interrupted,9
key,9
against,9
piece,9
four,8
changed,8
story,8
each,8
distance,8
seem,8
eagerly,8
nobody,8
appeared,8
dry,8
mushroom,8
opportunity,8
shoulder,8
everybody,8
live,8
wood,8
making,8
window,8
bright,8
asleep,8
direction,8
running,8
nose,8
slowly,8
whiting,8
sound,8
followed,8
history,8
hard,8
gardener,8
feel,8
play,8
most,8
lying,8
tart,8
verse,8
ready,8
twinkle,8
william,8
meaning,8
sit,8
watch,8
our,8
exactly,8
haven,8
beg,8
fact,8
hadn,8
five,8
pepper,8
noticed,8
happen,8
ground,8
rule,8
lory,7
song,7
tired,7
golden,7
hot,7
bread,7
listen,7
bat,7
subject,7
treacle,7
grown,7
frightened,7
evidence,7
generally,7
wondering,7
oop,7
chin,7
neck,7
happened,7
soo,7
begun,7
girl,7
open,7
silent,7
shoe,7
cheshire,7
myself,7
middle,7
rose,7
grin,7
business,7
deep,7
puppy,7
important,7
fall,7
stood,7
learn,7
adventure,7
paw,7
dream,7
somebody,7
fancy,7
kind,7
chimney,7
world,7
surprised,7
nonsense,7
draw,7
others,7
larger,7
manage,7
fetch,7
pocket,7
sir,7
pleased,7
drink,7
flamingo,7
hair,7
isn,7
ha,7
repeat,7
pardon,6
sleep,6
school,6
prize,6
lizard,6
shriek,6
roof,6
executed,6
writing,6
written,6
loud,6
exclaimed,6
stupid,6
dog,6
stop,6
told,6
seven,6
sentence,6
father,6
trouble,6
water,6
along,6
marked,6
sharp,6
write,6
dreadfully,6
care,6
sneezing,6
pair,6
egg,6
jumped,6
between,6
broken,6
fell,6
stand,6
dish,6
ten,6
full,6
hour,6
late,6
executioner,6
cry,6
youth,6
guinea,6
wow,6
forgotten,6
liked,6
shan,6
politely,6
chorus,6
himself,6
nice,6
race,6
procession,6
melancholy,6
sing,6
animal,6
trembling,6
almost,6
inch,6
english,6
leaf,6
cake,6
stay,6
understand,6
likely,5
new,5
drew,5
swam,5
hole,5
wrong,5
arch,5
aloud,5
speaking,5
altogether,5
finger,5
confusion,5
height,5
kid,5
sleepy,5
officer,5
night,5
asking,5
sob,5
until,5
temper,5
picture,5
surprise,5
mile,5
sighed,5
reply,5
impatiently,5
angry,5
dropped,5
sudden,5
man,5
tale,5
interesting,5
curiosity,5
friend,5
argument,5
hookah,5
knee,5
walking,5
corner,5
shrill,5
unimportant,5
morning,5
teacup,5
across,5
whispered,5
notice,5
case,5
taking,5
finish,5
seems,5
execution,5
quietly,5
moved,5
fellow,5
waving,5
ti,5
clock,5
shouldn,5
stick,5
nine,5
crowded,5
evening,5
difficulty,5
number,5
passed,5
sometimes,5
nervous,5
simple,5
pack,5
swim,5
person,5
cut,5
dare,5
often,5
remembered,5
young,5
sounded,5
plate,5
doing,5
twice,5
shut,5
sadly,5
nearer,5
meant,5
juror,5
walk,5
ah,5
present,5
instantly,5
strange,5
usual,5
sky,5
become,5
home,5
happens,5
juryman,4
worth,4
hers,4
ventured,4
violently,4
player,4
elbow,4
jumping,4
lay,4
green,4
mabel,4
fit,4
bank,4
telescope,4
taught,4
wanted,4
hearing,4
thoughtfully,4
master,4
second,4
letter,4
decidedly,4
earth,4
frowning,4
twinkling,4
catch,4
growl,4
several,4
yer,4
judge,4
quadrille,4
crowd,4
dead,4
escape,4
bottom,4
vanished,4
savage,4
managed,4
passage,4
answered,4
none,4
sigh,4
run,4
honour,4
french,4
figure,4
confused,4
natural,4
thank,4
besides,4
fast,4
ann,4
busily,4
true,4
ordered,4
suppressed,4
breath,4
mary,4
crumb,4
ootiful,4
week,4
except,4
thimble,4
twelve,4
shrinking,4
tiny,4
grass,4
sneeze,4
consider,4
pointing,4
ala,4
deeply,4
taken,4
particular,4
short,4
shore,4
held,4
paper,4
flower,4
since,4
fallen,4
porpoise,4
miss,4
bowed,4
uncomfortable,4
solemnly,4
reach,4
plan,4
fond,4
alone,4
fire,4
pale,4
puzzling,4
age,4
outside,4
severely,4
verdict,4
capital,4
led,4
duck,4
doubt,4
indignantly,4
le,4
perfectly,4
fear,4
beat,4
beau,4
stuff,4
sharply,4
otherwise,4
kitchen,4
digging,4
noise,4
carried,4
tongue,4
screamed,4
whisper,4
boot,4
chance,4
grunted,4
hanging,3
certain,3
bringing,3
solemn,3
poison,3
above,3
pressed,3
met,3
settled,3
brought,3
breathe,3
hurt,3
worse,3
order,3
joined,3
sighing,3
free,3
moving,3
caught,3
sorrow,3
manner,3
grave,3
folded,3
decided,3
bed,3
pity,3
beheaded,3
doth,3
mistake,3
unfortunate,3
delight,3
yours,3
possibly,3
crown,3
confusing,3
civil,3
music,3
remarking,3
throw,3
whisker,3
fury,3
howling,3
guessed,3
handed,3
holding,3
faster,3
advantage,3
filled,3
hoarse,3
boy,3
grinned,3
love,3
fly,3
nursing,3
succeeded,3
tucked,3
nor,3
needn,3
em,3
year,3
card,3
advance,3
impossible,3
pleaded,3
checked,3
venture,3
tasted,3
remained,3
sad,3
spectacle,3
themselves,3
considered,3
later,3
hungry,3
show,3
stair,3
hedge,3
cautiously,3
reading,3
caucus,3
somewhere,3
loudly,3
riddle,3
mark,3
pat,3
speech,3
floor,3
tossing,3
sulky,3
blow,3
real,3
around,3
easily,3
dark,3
listening,3
lady,3
knife,3
considering,3
repeating,3
taste,3
sobbing,3
hunting,3
washing,3
list,3
past,3
further,3
nurse,3
ma,3
tortoise,3
gravely,3
sense,3
pray,3
stopped,3
expecting,3
slipped,3
knocking,3
guess,3
guest,3
part,3
toe,3
livery,3
finding,3
carefully,3
courage,3
wrote,3
whatever,3
simply,3
lived,3
fur,3
twenty,3
forgetting,3
fun,3
hoping,3
funny,3
grand,3
snail,3
yesterday,3
timid,3
edge,3
eager,3
pattering,3
shaped,3
follows,3
eel,3
obliged,3
wonderland,3
candle,3
suit,3
line,3
dull,3
peeped,3
hush,3
mustard,3
notion,3
putting,3
anxious,3
smaller,3
picked,3
leg,3
apple,3
nibbling,3
cheered,3
frog,3
crab,3
eaglet,3
pencil,3
crossed,3
lock,3
trumpet,3
instead,3
allow,3
move,3
crash,3
cause,3
red,3
attending,3
explanation,3
gently,3
instance,3
upset,3
bring,3
longer,3
knowledge,3
jaw,3
hope,3
watching,3
muttering,3
mentioned,3
drawling,3
opening,3
staring,3
general,3
cross,3
effect,3
beast,3
panther,3
kick,3
branch,3
immediately,3
lost,3
alive,3
proper,3
passion,3
choked,3
shaking,3
owl,3
spread,3
below,3
pie,3
muchness,3
secondly,2
hate,2
assembled,2
forget,2
treading,2
paris,2
rise,2
month,2
pinch,2
persisted,2
meekly,2
whose,2
interrupting,2
barrowful,2
excellent,2
drive,2
law,2
attempt,2
wind,2
personal,2
safe,2
break,2
bone,2
forgot,2
ring,2
laid,2
stamping,2
uglification,2
trotting,2
already,2
curiouser,2
encouraging,2
wash,2
wildly,2
shower,2
rat,2
thoroughly,2
laughed,2
regular,2
singer,2
alarm,2
sun,2
ending,2
busy,2
sugar,2
squeaking,2
shutting,2
cushion,2
earl,2
nicely,2
bad,2
blew,2
miserable,2
weak,2
picking,2
accident,2
ill,2
shouting,2
quarrelling,2
lovely,2
threw,2
ugly,2
forehead,2
showing,2
rome,2
humbly,2
belongs,2
easy,2
save,2
goldfish,2
denied,2
beating,2
pinched,2
neatly,2
burn,2
disappeared,2
dinner,2
raised,2
delighted,2
cauldron,2
wag,2
fight,2
morcar,2
waistcoat,2
offer,2
removed,2
inside,2
scream,2
proud,2
proved,2
longed,2
chain,2
milk,2
row,2
unpleasant,2
fancied,2
brown,2
choice,2
blast,2
feeble,2
cool,2
quick,2
appear,2
falling,2
pause,2
root,2
extra,2
jar,2
merely,2
somersault,2
longitude,2
undertone,2
stole,2
maybe,2
sh,2
footstep,2
yawning,2
wasting,2
lonely,2
introduce,2
entirely,2
goose,2
catching,2
living,2
invitation,2
directly,2
message,2
lap,2
bite,2
mostly,2
snatch,2
royal,2
wide,2
wandering,2
anger,2
wink,2
note,2
playing,2
wine,2
salt,2
trembled,2
curled,2
coaxing,2
dispute,2
concert,2
pennyworth,2
pebble,2
label,2
tut,2
lefthand,2
quiet,2
railway,2
afterwards,2
stretched,2
learning,2
custody,2
muttered,2
thousand,2
wake,2
rubbing,2
edwin,2
triumphantly,2
changing,2
summer,2
violent,2
kill,2
dipped,2
hint,2
using,2
claw,2
throat,2
mixed,2
legged,2
mercia,2
rush,2
tiptoe,2
conqueror,2
agree,2
fright,2
examine,2
scroll,2
wherever,2
caused,2
smoking,2
follow,2
dreadful,2
remarkable,2
startled,2
laughing,2
crimson,2
smile,2
woman,2
returned,2
sang,2
sand,2
stoop,2
northumbria,2
hasn,2
extraordinary,2
stretching,2
narrow,2
courtier,2
proceed,2
flat,2
wretched,2
broke,2
keeping,2
sulkily,2
shark,2
rude,2
advice,2
purring,2
pleasure,2
wandered,2
smiling,2
rapidly,2
tumbling,2
unrolled,2
mystery,2
heavy,2
missed,2
fountain,2
imagine,2
daisy,2
dinn,2
shilling,2
recovered,2
sensation,2
luckily,2
kindly,2
declare,2
sell,2
lie,2
dancing,2
also,2
relief,2
extremely,2
clear,2
ugh,2
fine,2
unhappy,2
hit,2
ferret,2
nibbled,2
throwing,2
bark,2
learnt,2
smallest,2
knowing,2
became,2
drunk,2
fashion,2
collected,2
resting,2
sending,2
wet,2
struck,2
furrow,2
straight,2
leaning,2
beautifully,2
shorter,2
usually,2
cucumber,2
uneasily,2
older,2
useful,2
cup,2
couple,2
entangled,2
hurriedly,2
prof,2
nowhere,2
plenty,2
within,2
authority,2
atom,2
directed,2
ringlet,2
constant,2
ornamented,2
smiled,2
comfit,2
ago,2
splashing,2
sent,2
panting,2
spoon,2
rattling,2
telling,2
concluded,2
giving,2
experiment,2
body,2
chose,2
wig,2
addressed,2
doubtfully,2
singing,2
archbishop,2
clever,2
started,2
occurred,2
carrying,2
ashamed,2
account,2
meet,2
bend,2
wonderful,2
six,2
cupboard,2
flapper,2
doubtful,2
latitude,2
bye,2
front,2
delightful,2
presently,2
yard,2
sorrowful,2
ordering,2
shelf,2
yawned,2
thistle,2
prisoner,2
deny,2
absurd,2
painting,2
bear,2
frame,2
edition,2
unless,2
closed,2
neither,2
invited,2
feather,2
wild,2
advisable,2
watched,2
partner,2
brightened,2
difficult,2
sooner,2
position,2
raving,2
taller,2
distant,2
parchment,2
earnestly,2
raven,2
knot,2
desk,2
unfolded,2
saucepan,2
patiently,2
thump,2
swimming,2
quickly,2
ridge,2
contemptuously,2
wise,2
signed,2
stirring,2
twist,2
tempered,2
conclusion,2
giddy,2
lasted,2
knelt,1
blacking,1
inwards,1
sorry,1
jack,1
wooden,1
wept,1
enjoy,1
elegant,1
louder,1
shining,1
oldest,1
hide,1
pace,1
thunder,1
conduct,1
wrapping,1
protection,1
cardboard,1
natured,1
daughter,1
smoke,1
plea,1
grumbled,1
explained,1
patience,1
drowned,1
punching,1
insult,1
therefore,1
fainting,1
peeping,1
grief,1
adjourn,1
blade,1
worm,1
obstacle,1
quarrel,1
rosetree,1
quiver,1
unjust,1
flung,1
suet,1
complaining,1
agony,1
returning,1
machine,1
truthful,1
poker,1
flustered,1
lad,1
ladder,1
beauti,1
tulip,1
wriggling,1
dreamed,1
xi,1
london,1
chatte,1
fireplace,1
fix,1
fig,1
glanced,1
overcome,1
remedy,1
interrupt,1
grammar,1
meat,1
alternately,1
herald,1
arrow,1
meal,1
lifted,1
series,1
vote,1
flock,1
reminding,1
velvet,1
forty,1
tomorrow,1
content,1
splashed,1
given,1
whereupon,1
enormous,1
ate,1
writhing,1
cackled,1
canterbury,1
favoured,1
dunce,1
thick,1
toy,1
xii,1
bitter,1
consented,1
ceiling,1
murder,1
positively,1
coward,1
seated,1
splendidly,1
guilt,1
iron,1
chrysalis,1
shyly,1
modern,1
raw,1
spade,1
strength,1
gravy,1
coil,1
zealand,1
annoyed,1
pardoned,1
pope,1
lewis,1
sage,1
toast,1
spite,1
refreshment,1
knuckle,1
deepest,1
disgust,1
coast,1
frying,1
nasty,1
learned,1
shape,1
idiotic,1
bag,1
softly,1
steam,1
fair,1
depends,1
cattle,1
mournfully,1
unable,1
lazy,1
camomile,1
improve,1
received,1
country,1
jelly,1
edgar,1
argue,1
tease,1
character,1
lullaby,1
wider,1
trust,1
interest,1
schoolroom,1
expected,1
beloved,1
suppress,1
uncommon,1
teapot,1
lessen,1
neat,1
viii,1
stopping,1
remembering,1
ix,1
played,1
iv,1
ii,1
gloomily,1
clinging,1
happening,1
severity,1
clearly,1
vegetable,1
fairly,1
marched,1
dozing,1
hearth,1
askance,1
humble,1
impertinent,1
atheling,1
farther,1
adding,1
hjckrrh,1
cherry,1
prison,1
hat,1
vii,1
boxed,1
mayn,1
possible,1
dreamy,1
afore,1
burnt,1
appearing,1
uncivil,1
seaside,1
forepaw,1
hung,1
towards,1
sends,1
somehow,1
straightening,1
bore,1
creep,1
denies,1
purple,1
shakespeare,1
christmas,1
shifting,1
losing,1
bowing,1
permitted,1
theirs,1
choke,1
despair,1
sluggard,1
puzzle,1
son,1
respectable,1
balanced,1
flying,1
derision,1
happy,1
fork,1
form,1
attempted,1
becoming,1
failure,1
heap,1
nodded,1
flavour,1
rippling,1
retire,1
unusually,1
trim,1
classic,1
toss,1
muscular,1
promised,1
accounting,1
reality,1
beheading,1
setting,1
tie,1
shrink,1
wing,1
ointment,1
journey,1
inkstand,1
unlocking,1
died,1
contemptuous,1
push,1
whoever,1
untwist,1
rudeness,1
invent,1
crocodile,1
chair,1
mallet,1
charge,1
terror,1
jogged,1
string,1
locked,1
exact,1
swallowing,1
presented,1
die,1
dig,1
accidentally,1
settle,1
teaching,1
scaly,1
prevent,1
brave,1
tougher,1
sign,1
cost,1
currant,1
dried,1
helpless,1
irritated,1
lazily,1
geography,1
submitted,1
twentieth,1
wait,1
patriotic,1
inquisitively,1
puffed,1
swallowed,1
stingy,1
driest,1
visit,1
france,1
memory,1
today,1
loving,1
dismay,1
entrance,1
sharing,1
afford,1
ignorant,1
pretend,1
sour,1
toffee,1
laughter,1
slightest,1
crazy,1
carroll,1
paused,1
counting,1
evidently,1
pink,1
winter,1
fortunately,1
buttered,1
pine,1
fourth,1
stigand,1
condemn,1
map,1
dive,1
spot,1
crashed,1
birthday,1
tipped,1
date,1
scrambling,1
stupidly,1
crept,1
offend,1
pulled,1
undoing,1
canary,1
brain,1
quarrelled,1
shake,1
argued,1
cold,1
curly,1
antipathy,1
ours,1
conquest,1
bound,1
underneath,1
execute,1
chuckled,1
drop,1
rock,1
scolded,1
eyelid,1
eh,1
bursting,1
worried,1
exclamation,1
canvas,1
abide,1
seriously,1
stool,1
housemaid,1
attended,1
cart,1
screaming,1
honest,1
childhood,1
sprawling,1
spoken,1
awfully,1
merrily,1
carry,1
cheerfully,1
sheep,1
waist,1
trampled,1
shiver,1
ridiculous,1
eyed,1
grunt,1
whom,1
addressing,1
seal,1
snorting,1
downwards,1
emphasis,1
haste,1
butterfly,1
altered,1
norman,1
opposite,1
clearer,1
zigzag,1
printed,1
cleared,1
steady,1
cheap,1
fifth,1
hiss,1
resource,1
seldom,1
roast,1
executes,1
finishing,1
declared,1
burst,1
fanned,1
pretext,1
encouraged,1
managing,1
queerest,1
killing,1
blame,1
stupidest,1
nile,1
disappointment,1
expression,1
loveliest,1
lacie,1
pot,1
pop,1
accusation,1
uglify,1
punished,1
judging,1
engine,1
sobbed,1
trick,1
warning,1
slippery,1
promising,1
newspaper,1
engaged,1
worry,1
pas,1
pan,1
nest,1
swallow,1
complained,1
roughly,1
breeze,1
frontispiece,1
fidgeted,1
growled,1
touch,1
speed,1
death,1
mournful,1
lowing,1
vague,1
tremulous,1
draggled,1
sternly,1
downward,1
passionate,1
reduced,1
energetic,1
moon,1
expressing,1
moderate,1
welcome,1
reasonable,1
subdued,1
violence,1
shrimp,1
chop,1
boldly,1
act,1
ou,1
imitated,1
burning,1
trot,1
spreading,1
calmly,1
rising,1
dreaming,1
england,1
lastly,1
tight,1
mischief,1
jug,1
proposal,1
handsome,1
waste,1
arranged,1
frighten,1
bawled,1
ax,1
tremble,1
fill,1
rubbed,1
idiot,1
field,1
oneself,1
uncorked,1
twinkled,1
teeth,1
contradicted,1
whistling,1
brandy,1
brass,1
applause,1
wife,1
growling,1
snout,1
conger,1
capering,1
encourage,1
fat,1
minded,1
hatching,1
dodged,1
familiarly,1
quicker,1
darkness,1
crust,1
loose,1
squeezed,1
affectionately,1
handwriting,1
search,1
murdering,1
family,1
turkey,1
clapping,1
usurpation,1
thatched,1
readily,1
injure,1
faint,1
splash,1
weren,1
diamond,1
company,1
known,1
producing,1
cunning,1
remain,1
pressing,1
knocked,1
feebly,1
rustled,1
share,1
gallon,1
axis,1
comfort,1
magpie,1
occasionally,1
skurried,1
appealed,1
eats,1
shade,1
fender,1
incessantly,1
existence,1
cheated,1
fanning,1
croqueted,1
overhead,1
buttercup,1
actually,1
absence,1
ye,1
noticing,1
desperately,1
fluttered,1
someone,1
fairy,1
pleasanter,1
harm,1
begged,1
upstairs,1
brother,1
scratching,1
inquired,1
wondered,1
snappishly,1
pun,1
crouched,1
circumstance,1
horse,1
pleasant,1
pus,1
thrown,1
curtsey,1
terribly,1
leading,1
paint,1
station,1
hundred,1
relieved,1
uncommonly,1
immediate,1
grew,1
double,1
grey,1
spirited,1
stalk,1
treated,1
fading,1
commotion,1
lit,1
lip,1
hopeless,1
eaten,1
oyster,1
mineral,1
clean,1
daresay,1
languid,1
croqueting,1
rocket,1
grazed,1
justice,1
unwillingly,1
stocking,1
pretty,1
circle,1
shepherd,1
meanwhile,1
whistle,1
hid,1
closely,1
shared,1
distraction,1
doubled,1
common,1
engraved,1
howled,1
signify,1
hoarsely,1
feared,1
various,1
flame,1
kneel,1
latin,1
vanishing,1
folding,1
tittered,1
sentenced,1
sweet,1
hollow,1
supple,1
belt,1
acceptance,1
rattle,1
secret,1
dropping,1
meeting,1
empty,1
gay,1
1865,1
stolen,1
solid,1
rope,1
ful,1
pound,1
leant,1
righthand,1
choking,1
grant,1
belong,1
advise,1
flurry,1
flown,1
purpose,1
lower,1
cheek,1
clasped,1
morsel,1
rumbling,1
cur,1
hated,1
kissed,1
remaining,1
tillie,1
australia,1
ahem,1
knock,1
onion,1
provoking,1
foolish,1
walrus,1
lodging,1
arrived,1
limb,1
marmalade,1
ourselves,1
saucer,1
pronounced,1
scale,1
pet,1
lark,1
peg,1
eating,1
salmon,1
refused,1
ache,1
bristling,1
deserved,1
wore,1
prove,1
straightened,1
naturedly,1
shiny,1
bleeds,1
seeing,1
piteous,1
signifies,1
consultation,1
prettier,1
forward,1
hoped,1
reed,1
upright,1
raising,1
accustomed,1
cartwheel,1
yelled,1
roared,1
skimming,1
graceful,1
curl,1
denying,1
occasional,1
club,1
nay,1
brushing,1
favourite,1
faintly,1
land,1
ledge,1
impatient,1
neighbouring,1
fitted,1
sixpence,1
dainty,1
peering,1
send,1
pleasing,1
memorandum,1
flinging,1
squeaked,1
drinking,1
magic,1
respectful,1
stiff,1
button,1
shock,1
rearing,1
insolence,1
uncomfortably,1
odd,1
squeeze,1
poky,1
upsetting,1
arrum,1
fifteenth,1
believed,1
sink,1
invented,1
fifteen,1
settling,1
vinegar,1
uneasy,1
involved,1
leaving,1
simpleton,1
opinion,1
climb,1
behead,1
examining,1
win,1
disobey,1
wit,1
standing,1
doubling,1
rich,1
inclined,1
labelled,1
iii,1
annoy,1
panted,1
shrieked,1
pour,1
curtseying,1
anywhere,1
thin,1
bent,1
dripping,1
pulling,1
skirt,1
contempt,1
curving,1
delay,1
lamp,1
furiously,1
farm,1
thunderstorm,1
tied,1
doze,1
men,1
minding,1
multiplication,1
terrier,1
patted,1
chief,1
crawling,1
furious,1
tunnel,1
bathing,1
pretending,1
arithmetic,1
produced,1
banquet,1
practice,1
muddle,1
flew,1
cutting,1
kiss,1
ambition,1
tray,1
sneezed,1
trap,1
truth,1
gazing,1
globe,1
licking,1
measure,1
wander,1
hippopotamus,1
barley,1
oblong,1
undo,1
completely,1
rustling,1
length,1
trickling,1
clamour,1
plainly,1
blown,1
pitied,1
soothing,1
eleventh,1
ancient,1
vulgar,1
sixteenth,1
bother,1
flashed,1
bee,1
whenever,1
result,1
tidy,1
comfortable,1
tide,1
comfortably,1
fourteenth,1
need,1
wearily,1
linked,1
bough,1
able,1
sol,1
centre,1
alarmed,1
gather,1
affair,1
planning,1
chanced,1
highest,1
reeling,1
hopeful,1
fumbled,1
pointed,1
indignant,1
prosecute,1
listened,1
listener,1
hearthrug,1
beak,1
shy,1
calling,1
rapped,1
fixed,1
shedding,1
crossly,1
desperate,1
closer,1
pattern,1
state,1
beautify,1
understood,1
joy,1
hurrying,1
precious,1
shingle,1
doorway,1
passing,1
laugh,1
respect,1
seaography,1
thanked,1
immense,1
poured,1
attends,1
treat,1
curtain,1
farmer,1
neighbour,1
orange,1
holiday,1
appearance,1
grinning,1
riper,1
vi,1
helped,1
sits,1
tumbled,1
denial,1
speaker,1
largest,1
glaring,1
twelfth,1
ball,1
disagree,1
collar,1
nevertheless,1
fighting,1
drawing,1
lest,1
barking,1
fancying,1
bell,1
adoption,1
ada,1
throne,1
term,1
audibly,1
crawled,1
lose,1
soft,1
heel,1
choosing,1
est,1
esq,1
avoid,1
kettle,1
leap,1
leader,1
tureen,1
reaching,1
gained,1
carrier,1
introduced,1
guard,1
promise,1
brush,1
custard,1
rushed,1
recognised,1
powdered,1
hm,1
placed,1
woke,1
thirteen,1
diligently,1
rightly,1
penny,1
ink,1
education,1
spell,1
dressed,1
lately,1
boon,1
star,1
variation,1
yelp,1
uglifying,1
tinkling,1
pictured,1
elsie,1
baked,1
